{"cameraMode":{"drawMode":0,"name":"Shaded","section":"Shading Mode"},"sceneLighting":true,"audioPlay":false,"sceneViewState":{"showFog":true,"showMaterialUpdate":false,"showSkybox":true,"showFlares":true,"showImageEffects":true,"showParticleSystems":true},"in2DMode":false,"pivot":{"x":24.00528335571289,"y":-144.6202392578125,"z":-80.94536590576172},"rotation":{"x":0.07621867954730988,"y":0.8499448299407959,"z":-0.5057239532470703,"w":0.12843888998031617},"size":196.1165313720703,"orthographic":false}