{"cameraMode":{"drawMode":0,"name":"Shaded","section":"Shading Mode"},"sceneLighting":true,"audioPlay":false,"sceneViewState":{"showFog":true,"showMaterialUpdate":false,"showSkybox":true,"showFlares":true,"showImageEffects":true,"showParticleSystems":true},"in2DMode":false,"pivot":{"x":52.618865966796878,"y":-125.00811767578125,"z":82.87092590332031},"rotation":{"x":0.43309271335601809,"y":0.280180424451828,"z":-0.14365293085575105,"w":0.8448283672332764},"size":216.34579467773438,"orthographic":false}